priority_bucket,lead_is_converted
Hot,0.625
Warm,0.5263297519564929
Cool,0.5262900862770633
Cold,0.5129032258064516
