priority_bucket,lead_is_converted
Hot,0.5377142857142857
Cold,0.5231428571428571
Cool,0.522
Warm,0.5214285714285715
