model,accuracy,precision,recall,f1,roc_auc
xgboost,0.5289285714285714,0.5381944444444444,0.736591989137814,0.6219547148179995,0.5063691025241588
logistic_regression,0.49892857142857144,0.525811209439528,0.48404616429056346,0.5040650406504065,0.5016603817215275
random_forest,0.5,0.5236245954692557,0.5492192803801765,0.5361166335321405,0.49527900091626675
catboost,0.5078571428571429,0.5231820400195217,0.7277664630006789,0.6087450312322544,0.4939204602718309
