lead_age_bucket,lead_is_converted
0_30,0.5563139931740614
181_365,0.5329512893982808
730_plus,0.5314814814814814
366_730,0.5174704013860815
91_180,0.5125
31_90,0.4974958263772955
