task_count_bucket,lead_is_converted
1_2,0.5334346504559271
0,0.528395061728395
3_5,0.5243564356435644
6_10,0.5179961089494164
10_plus,0.5
