method,accuracy,precision,recall,f1,roc_auc,top_10_rate,top_10_lift,top_10_capture,top_20_rate,top_20_lift,top_20_capture
logistic_regression,0.49607142857142855,0.5226277372262774,0.4860828241683639,0.5036932817446359,0.500206428601028,0.5678571428571428,1.079429735234216,0.1079429735234216,0.5375,1.021724372029871,0.2043448744059742
scorecard_v8,0.4925,0.5183875530410184,0.49762389680923286,0.5077935573259439,0.49018914180442646,0.5571428571428572,1.059063136456212,0.10590631364562118,0.5196428571428572,0.9877800407331977,0.1975560081466395
