model,accuracy,precision,recall,f1,roc_auc
xgboost,0.5064285714285715,0.5226932668329177,0.7114731839782756,0.6026451983898793,0.5006576554315278
logistic_regression,0.49785714285714283,0.5241528478731075,0.49355057705363203,0.5083916083916084,0.4998979367883394
random_forest,0.5039285714285714,0.5273794002607562,0.5492192803801765,0.5380778184236781,0.49866524852519933
catboost,0.5121428571428571,0.5255858440937351,0.7460964019008826,0.6167227833894501,0.49841738072545205
