model,accuracy,precision,recall,f1,roc_auc
xgboost,0.5178571428571429,0.5307039440838742,0.7216564833672776,0.6116225546605294,0.5106480834882188
logistic_regression,0.49892857142857144,0.525811209439528,0.48404616429056346,0.5040650406504065,0.5016603817215275
random_forest,0.5032142857142857,0.5264516129032258,0.5539714867617108,0.5398610651670526,0.4956424891963916
catboost,0.5078571428571429,0.5231820400195217,0.7277664630006789,0.6087450312322544,0.4939204602718309
