model,accuracy,precision,recall,f1,roc_auc
xgboost,0.5085714285714286,0.5257567711099309,0.6720977596741344,0.5899880810488677,0.49549642881078193
random_forest,0.49892857142857144,0.523117569352708,0.5376782077393075,0.5302979578172079,0.491017669981291
catboost,0.5046428571428572,0.5212031558185405,0.7175831636116768,0.6038274778634676,0.48950590662060267
logistic_regression,0.49607142857142855,0.5216178521617852,0.5078071961982349,0.5146198830409356,0.4881419942281847
