owner_tenure_bucket,lead_is_converted
91_180,0.5428571428571428
366_730,0.5370932754880694
,0.5301167315175097
181_365,0.5229805013927576
730_plus,0.5133689839572193
31_90,0.5021645021645021
0_30,0.45643153526970953
